Date,Close,Volume,Open,High,Low
07/08/2019,$66.64,617651,$66.36,$66.90,$66.18
07/09/2019,$67.11,679338,$66.71,$67.89,$66.585
07/10/2019,$66.26,994288,$67.99,$67.99,$65.37
07/11/2019,$66.11,578150,$66.79,$66.90,$65.58
07/12/2019,$65.98,515964,$66.17,$66.83,$65.7871
07/15/2019,$66.00,697168,$66.13,$66.22,$65.37
07/16/2019,$64.49,834900,$65.80,$66.11,$64.43
07/17/2019,$64.81,772795,$64.58,$65.48,$64.43
07/18/2019,$65.96,877220,$64.59,$66.02,$64.50
07/19/2019,$66.53,878333,$66.02,$67.20,$65.98
07/22/2019,$66.59,882334,$66.94,$67.4699,$66.18
07/23/2019,$66.40,1213605,$67.09,$67.12,$65.42
07/24/2019,$66.04,1068067,$66.27,$66.53,$65.05
07/25/2019,$65.57,742171,$66.02,$66.3099,$65.04
07/26/2019,$65.02,869765,$65.73,$66.25,$64.16
07/29/2019,$66.05,775542,$65.07,$66.10,$64.63
07/30/2019,$66.04,765345,$65.31,$66.26,$65.00
07/31/2019,$64.49,1179813,$66.67,$66.80,$64.09
08/01/2019,$66.83,4288389,$65.52,$69.235,$65.52
08/02/2019,$66.63,2133550,$67.25,$67.50,$64.57
08/05/2019,$62.01,2555459,$64.48,$64.745,$59.665
08/06/2019,$62.80,1327339,$62.68,$63.30,$62.125
08/07/2019,$63.87,1316953,$62.46,$64.06,$61.80
08/08/2019,$64.76,1289973,$64.04,$65.21,$63.37
08/09/2019,$63.50,924905,$64.51,$64.71,$63.49
08/12/2019,$60.94,1200131,$62.83,$63.2625,$60.83
08/13/2019,$62.19,1453434,$60.62,$62.59,$60.22
08/14/2019,$58.99,1566006,$60.96,$60.96,$58.57
08/15/2019,$59.26,959030,$59.31,$59.96,$58.67
08/16/2019,$61.69,1167556,$60.04,$62.15,$60.04
08/19/2019,$63.07,1160907,$62.93,$63.69,$61.6815
08/20/2019,$63.08,1098889,$62.65,$63.72,$61.91
08/21/2019,$63.87,738298,$64.11,$64.8299,$63.33
08/22/2019,$63.05,502207,$63.97,$64.01,$62.41
08/23/2019,$60.89,1076670,$62.33,$62.81,$60.58
08/26/2019,$62.24,654621,$61.81,$62.50,$61.105
08/27/2019,$61.86,878067,$62.81,$63.3699,$61.45
08/28/2019,$62.05,811280,$61.87,$62.72,$61.32
08/29/2019,$62.49,690643,$63.00,$63.60,$62.20
08/30/2019,$62.07,831612,$63.05,$63.31,$60.90
09/03/2019,$60.97,754930,$61.29,$61.78,$60.64
09/04/2019,$62.46,586192,$61.56,$62.57,$61.41
09/05/2019,$62.83,766044,$63.16,$64.48,$62.62
09/06/2019,$62.81,487106,$62.91,$63.02,$61.84
09/09/2019,$62.00,654253,$63.37,$63.745,$61.88
09/10/2019,$62.38,1104779,$61.95,$62.38,$59.68
09/11/2019,$63.31,708091,$62.79,$63.7375,$62.43
09/12/2019,$62.23,1034605,$63.60,$64.22,$61.10
09/13/2019,$63.70,955379,$62.41,$64.14,$61.81
09/16/2019,$63.44,1063265,$63.70,$65.1422,$63.19
09/17/2019,$65.82,1521699,$63.32,$66.44,$63.20
09/18/2019,$65.75,1057560,$65.60,$65.995,$64.20
09/19/2019,$67.07,1817949,$66.00,$67.90,$65.79
09/20/2019,$66.70,1601412,$67.25,$67.61,$65.84
09/23/2019,$67.31,1336589,$67.21,$68.55,$66.43
09/24/2019,$65.48,1318046,$67.79,$67.97,$65.20
09/25/2019,$67.10,1115739,$65.47,$67.40,$65.11
09/26/2019,$62.54,2318176,$66.76,$66.935,$62.26
09/27/2019,$58.46,3937896,$62.47,$63.13,$57.91
09/30/2019,$58.01,2814097,$58.60,$58.67,$55.95
10/01/2019,$56.28,1478878,$58.40,$59.33,$56.24
10/02/2019,$55.905,1706841,$55.78,$56.41,$55.26
10/03/2019,$57.17,1434534,$55.64,$57.52,$54.77
10/04/2019,$59.315,1649213,$57.54,$59.42,$57.21
10/07/2019,$56.96,3757095,$62.25,$62.885,$56.83
10/08/2019,$56.96,1163154,$56.66,$58.21,$56.15
10/09/2019,$56.20,957118,$57.18,$57.56,$56.11
10/10/2019,$56.63,1531660,$56.06,$57.65,$55.89
10/11/2019,$56.82,2437596,$57.62,$58.20,$56.29
10/14/2019,$56.49,760539,$56.59,$57.20,$56.17
10/15/2019,$55.88,1432080,$56.86,$56.94,$54.92
10/16/2019,$55.01,1552577,$55.66,$55.87,$54.07
10/17/2019,$55.25,1525608,$55.07,$56.26,$54.6158
10/18/2019,$55.22,1338461,$55.00,$56.43,$55.00
10/21/2019,$56.34,1050133,$55.59,$56.92,$55.34
10/22/2019,$56.22,1198758,$56.34,$56.78,$55.47
10/23/2019,$55.28,1169790,$55.90,$56.76,$55.05
10/24/2019,$55.89,1802034,$55.61,$56.08,$55.13
10/25/2019,$52.66,6342425,$54.00,$55.00,$50.22
10/28/2019,$53.24,2332302,$53.18,$54.86,$53.11
10/29/2019,$53.29,1282471,$53.55,$53.92,$52.63
10/30/2019,$51.85,1252034,$53.08,$53.54,$51.26
10/31/2019,$51.79,1385158,$52.13,$52.80,$51.08
11/01/2019,$52.58,836480,$52.26,$52.60,$51.43
11/04/2019,$53.06,1261589,$53.79,$54.42,$52.68
11/05/2019,$53.87,953171,$53.12,$54.39,$52.82
11/06/2019,$53.36,822427,$53.86,$54.72,$52.88
11/07/2019,$52.63,991783,$53.76,$54.30,$52.25
11/08/2019,$51.97,930271,$52.52,$52.84,$51.70
11/11/2019,$52.48,768974,$51.94,$53.10,$51.61
11/12/2019,$52.97,775835,$52.60,$53.32,$52.50
11/13/2019,$53.09,689001,$52.54,$53.275,$52.08
11/14/2019,$52.54,656667,$52.78,$52.99,$52.03
11/15/2019,$53.36,920446,$52.73,$54.145,$52.73
11/18/2019,$53.15,893300,$53.40,$53.40,$52.47
11/19/2019,$54.59,1088771,$54.04,$54.82,$53.58
11/20/2019,$54.32,1041085,$54.42,$55.08,$53.95
11/21/2019,$53.86,739278,$54.34,$54.61,$53.42
11/22/2019,$54.38,720324,$54.10,$54.715,$53.88
11/25/2019,$54.96,714781,$54.73,$55.40,$54.57
11/26/2019,$55.09,522174,$55.04,$55.33,$54.61
11/27/2019,$55.62,601286,$55.52,$55.80,$54.92
11/29/2019,$55.24,446020,$55.59,$55.76,$54.95
12/02/2019,$54.72,1020082,$55.52,$55.70,$54.41
12/03/2019,$54.35,1018466,$53.76,$54.39,$52.88
12/04/2019,$54.79,1275615,$54.66,$55.33,$54.37
12/05/2019,$52.30,2393618,$55.03,$55.16,$52.25
12/06/2019,$53.37,1355827,$52.76,$53.65,$52.50
12/09/2019,$52.44,842587,$53.37,$53.52,$52.38
12/10/2019,$52.47,1078728,$52.28,$53.05,$52.28
12/11/2019,$53.87,1058518,$52.83,$54.55,$52.6601
12/12/2019,$55.04,912997,$53.99,$55.08,$53.81
12/13/2019,$54.98,588655,$55.13,$56.025,$54.51
12/16/2019,$56.53,1231808,$55.26,$57.20,$55.26
12/17/2019,$56.30,1390640,$56.46,$57.03,$55.59
12/18/2019,$56.49,897270,$56.21,$56.98,$55.94
12/19/2019,$57.07,1144978,$56.75,$57.59,$56.61
12/20/2019,$57.31,1611911,$57.40,$57.76,$57.04
12/23/2019,$57.86,650140,$57.55,$57.8895,$57.16
12/24/2019,$57.98,290724,$57.71,$58.25,$57.47
12/26/2019,$58.66,1111619,$58.20,$59.00,$58.16
12/27/2019,$56.41,1090085,$58.74,$58.74,$56.18
12/30/2019,$56.26,915879,$56.31,$56.45,$55.0001
12/31/2019,$55.96,705410,$55.89,$56.43,$55.53
01/02/2020,$57.24,1053829,$56.40,$57.26,$55.96
01/03/2020,$57.02,943699,$57.11,$57.66,$56.71
01/06/2020,$55.83,1535134,$56.01,$56.42,$54.78
01/07/2020,$56.67,974383,$55.76,$57.31,$55.76
01/08/2020,$56.70,725721,$56.86,$57.1071,$56.16
01/09/2020,$56.70,891746,$57.07,$58.04,$56.45
01/10/2020,$56.50,829547,$56.74,$56.81,$55.83
01/13/2020,$57.44,1099600,$56.86,$58.35,$56.60
01/14/2020,$58.78,997413,$57.50,$59.10,$57.30
01/15/2020,$54.75,7532705,$55.21,$55.69,$52.75
01/16/2020,$53.93,2181657,$54.03,$54.87,$53.55
01/17/2020,$53.52,1768186,$54.05,$54.60,$52.9001
01/21/2020,$51.55,2687750,$53.48,$53.48,$51.335
01/22/2020,$50.56,2342458,$51.83,$51.83,$50.46
01/23/2020,$52.02,2175786,$50.46,$52.37,$50.21
01/24/2020,$51.94,1729342,$52.61,$53.38,$51.67
01/27/2020,$50.49,1288071,$51.14,$51.23,$50.44
01/28/2020,$51.11,942417,$50.72,$51.335,$50.60
01/29/2020,$50.90,853148,$51.18,$51.52,$50.7265
01/30/2020,$50.72,884540,$50.60,$51.10,$50.11
01/31/2020,$49.58,1054853,$50.60,$50.73,$49.245
02/03/2020,$50.24,986866,$49.88,$50.60,$49.69
02/04/2020,$52.67,1595138,$51.21,$52.69,$51.01
02/05/2020,$53.10,1424532,$53.40,$54.0699,$52.60
02/06/2020,$52.65,966256,$53.49,$53.68,$52.61
02/07/2020,$52.46,704457,$52.27,$52.7788,$52.07
02/10/2020,$52.75,819719,$52.48,$53.16,$52.25
02/11/2020,$53.525,973381,$53.31,$54.23,$53.155
02/12/2020,$56.12,2627215,$54.25,$56.17,$54.00
02/13/2020,$54.61,1737100,$55.78,$55.78,$53.71
02/14/2020,$55.26,651726,$54.88,$55.44,$54.4043
02/18/2020,$55.65,1407357,$55.54,$56.17,$55.02
02/19/2020,$57.37,1945614,$56.16,$58.00,$56.01
02/20/2020,$59.32,4156485,$58.26,$59.90,$56.911
02/21/2020,$50.59,9774901,$53.00,$53.39,$50.27
02/24/2020,$51.21,3700847,$48.27,$51.38,$48.03
02/25/2020,$48.57,2807226,$51.80,$51.87,$48.48
02/26/2020,$46.11,2670436,$48.80,$49.54,$46.04
02/27/2020,$44.25,2699288,$44.68,$46.16,$43.34
02/28/2020,$45.77,2950667,$42.55,$46.655,$42.50
03/02/2020,$44.95,2730409,$45.88,$46.22,$43.5706
03/03/2020,$44.21,1569455,$45.21,$46.11,$43.6236
03/04/2020,$45.48,1340145,$44.93,$45.58,$43.89
03/05/2020,$45.47,1259142,$44.56,$46.18,$44.2663
03/06/2020,$43.37,1448658,$44.04,$44.8799,$42.72
03/09/2020,$39.15,1638791,$39.99,$41.25,$38.90
03/10/2020,$41.08,2704465,$40.50,$41.18,$39.30
03/11/2020,$37.23,2514573,$40.00,$40.58,$36.4352
03/12/2020,$36.56,2691393,$34.18,$37.53,$33.00
03/13/2020,$35.96,1718862,$38.85,$39.64,$34.1405
03/16/2020,$31.54,2999484,$31.90,$35.00,$30.70
03/17/2020,$32.26,3515959,$32.20,$34.90,$29.5707
03/18/2020,$30.20,2525329,$30.24,$32.11,$28.47
03/19/2020,$33.46,1782670,$30.01,$34.97,$29.15
03/20/2020,$33.69,2789577,$34.39,$35.82,$32.42
03/23/2020,$33.07,2146983,$33.75,$34.25,$30.685
03/24/2020,$33.71,1734686,$34.81,$35.26,$32.55
03/25/2020,$34.79,1947930,$34.18,$37.14,$33.40
03/26/2020,$37.62,1682855,$35.49,$37.97,$35.10
03/27/2020,$35.63,1752923,$36.05,$36.99,$34.60
03/30/2020,$36.06,1158687,$37.17,$37.17,$34.31
03/31/2020,$36.06,1251611,$36.12,$36.90,$35.00
04/01/2020,$33.44,1002886,$34.75,$34.90,$33.00
04/02/2020,$35.31,1865472,$33.56,$36.33,$33.38
04/03/2020,$34.38,1105212,$35.12,$36.30,$34.12
04/06/2020,$36.75,2038368,$35.26,$37.41,$35.00
04/07/2020,$37.35,1270111,$38.00,$38.89,$37.13
04/08/2020,$38.90,1137154,$37.81,$39.06,$36.59
04/09/2020,$40.45,1368769,$39.10,$41.01,$39.10
04/13/2020,$40.61,1024914,$40.31,$40.93,$39.64
04/14/2020,$42.12,1070494,$41.68,$42.84,$41.085
04/15/2020,$40.93,948993,$41.00,$41.675,$40.51
04/16/2020,$40.15,1922819,$41.61,$41.84,$39.70
04/17/2020,$42.20,1433851,$41.64,$42.40,$41.1801
04/20/2020,$41.00,1406440,$41.77,$42.28,$40.89
04/21/2020,$39.18,1262439,$40.16,$40.88,$38.96
04/22/2020,$40.23,933930,$40.44,$40.53,$39.60
04/23/2020,$42.29,1838886,$40.61,$42.435,$40.30
04/24/2020,$40.84,1607174,$42.37,$42.8354,$40.57
04/27/2020,$43.26,1270220,$41.06,$43.42,$41.06
04/28/2020,$41.77,1310712,$43.69,$44.40,$41.75
04/29/2020,$45.55,1198213,$43.03,$45.6799,$42.30
04/30/2020,$44.01,1367046,$44.49,$44.895,$43.75
05/01/2020,$41.98,1130138,$42.50,$43.40,$41.58
05/04/2020,$43.40,1193232,$41.84,$43.45,$41.3214
05/05/2020,$43.10,949967,$44.93,$44.93,$42.835
05/06/2020,$43.12,1165293,$43.58,$44.60,$43.07
05/07/2020,$44.66,1296927,$43.60,$44.76,$43.47
05/08/2020,$44.16,2019627,$45.40,$45.50,$43.40
05/11/2020,$42.87,1661959,$43.55,$44.06,$42.45
05/12/2020,$40.35,1789086,$43.37,$43.40,$40.30
05/13/2020,$39.43,2192128,$40.50,$41.17,$39.01
05/14/2020,$39.79,1272135,$38.80,$39.96,$37.925
05/15/2020,$39.37,1057238,$38.72,$39.37,$38.59
05/18/2020,$42.37,2256388,$40.71,$42.49,$40.70
05/19/2020,$43.23,1674880,$42.35,$44.97,$42.11
05/20/2020,$43.94,965000,$43.60,$45.03,$43.51
05/21/2020,$43.76,865505,$43.77,$44.70,$43.51
05/22/2020,$43.47,569933,$43.92,$43.96,$43.175
05/26/2020,$46.56,1425305,$45.00,$46.825,$44.76
05/27/2020,$46.61,1259228,$47.38,$47.60,$44.86
05/28/2020,$45.52,1056029,$46.50,$47.14,$45.27
05/29/2020,$46.62,968550,$45.17,$46.78,$45.071
06/01/2020,$48.01,1085531,$46.50,$48.53,$46.26
06/02/2020,$47.90,1188239,$48.10,$49.19,$47.54
06/03/2020,$49.50,1200704,$49.11,$49.95,$48.31
06/04/2020,$49.61,1046329,$49.55,$49.97,$49.25
06/05/2020,$51.38,1501655,$50.00,$51.97,$50.00
06/08/2020,$54.44,1110612,$51.99,$54.50,$51.65
06/09/2020,$53.06,1057294,$53.60,$53.89,$52.05
06/10/2020,$51.19,1015583,$53.06,$53.13,$51.06
06/11/2020,$48.94,1320651,$49.54,$50.50,$48.70
06/12/2020,$49.42,1024017,$50.24,$50.51,$48.2001
06/15/2020,$50.11,654982,$48.34,$50.24,$47.87
06/16/2020,$51.31,793268,$51.65,$52.02,$50.59
06/17/2020,$49.90,840422,$51.83,$51.83,$49.82
06/18/2020,$50.47,627620,$49.72,$51.31,$49.52
06/19/2020,$50.20,1223401,$51.28,$51.56,$50.12
06/22/2020,$49.80,635366,$50.21,$50.42,$49.30
06/23/2020,$51.92,1273381,$50.49,$52.30,$50.47
06/24/2020,$49.08,1106652,$51.87,$51.87,$48.56
06/25/2020,$50.38,817922,$48.97,$50.42,$48.64
06/26/2020,$48.76,1169092,$50.37,$50.42,$48.69
06/29/2020,$49.61,1117894,$49.00,$50.11,$48.30
06/30/2020,$49.50,2231039,$49.69,$50.34,$48.97
07/01/2020,$49.09,784343,$49.28,$49.89,$49.04
07/02/2020,$49.88,890180,$49.97,$50.99,$49.78
07/06/2020,$53.41,3475544,$50.79,$53.70,$50.50
07/07/2020,$53.16,1248635,$53.20,$53.57,$52.35
07/08/2020,$58.06,2939538,$53.37,$58.1699,$53.13
07/09/2020,$57.20,1977377,$58.50,$59.57,$55.90
07/10/2020,$57.49,828640,$58.45,$58.45,$56.34
07/13/2020,$56.21,1727249,$57.91,$59.61,$56.11
07/14/2020,$61.78,3281204,$55.99,$61.83,$55.35
07/15/2020,$60.98,2796601,$62.50,$62.70,$58.99
07/16/2020,$59.03,1795090,$60.43,$60.93,$58.54
07/17/2020,$61.00,1211391,$59.39,$61.335,$59.24
07/20/2020,$62.16,1626972,$60.92,$63.68,$60.61
07/21/2020,$60.74,1428741,$62.66,$62.84,$59.89
07/22/2020,$61.15,1115031,$60.61,$61.80,$60.36
07/23/2020,$62.50,1459804,$61.90,$63.47,$60.77
07/24/2020,$62.16,1150311,$61.31,$62.37,$60.5703
07/27/2020,$62.26,1459906,$60.84,$62.47,$60.24
07/28/2020,$59.68,1659131,$61.80,$62.09,$59.58
07/29/2020,$60.11,852121,$60.04,$60.84,$59.63
07/30/2020,$59.70,1077824,$59.56,$59.95,$58.5097
07/31/2020,$59.55,730539,$60.06,$60.15,$58.34
08/03/2020,$60.84,774801,$60.00,$61.01,$59.29
08/04/2020,$64.04,1516000,$61.69,$64.23,$61.20
08/05/2020,$65.73,1321038,$63.33,$65.74,$62.45
08/06/2020,$64.46,1497682,$64.86,$65.36,$63.13
08/07/2020,$72.93,5480771,$69.10,$78.535,$68.95
08/10/2020,$72.50,2546894,$72.93,$74.99,$71.35
08/11/2020,$70.19,2106939,$72.83,$72.845,$69.50
08/12/2020,$73.53,1667588,$70.09,$74.94,$69.635
08/13/2020,$75.71,1883545,$73.24,$76.53,$73.15
08/14/2020,$74.31,1118673,$75.71,$76.20,$74.02
08/17/2020,$73.61,1061046,$75.24,$75.49,$73.28
08/18/2020,$74.41,1248120,$73.91,$74.92,$72.82
08/19/2020,$75.85,1412577,$74.59,$77.50,$74.53
08/20/2020,$73.66,1116696,$74.94,$75.60,$73.43
08/21/2020,$74.10,748882,$73.93,$74.9033,$73.33
08/24/2020,$76.52,1728152,$74.80,$76.77,$74.08
08/25/2020,$77.37,1653686,$77.32,$78.165,$74.735
08/26/2020,$78.19,1400656,$78.21,$80.09,$76.94
08/27/2020,$77.61,1085629,$78.19,$79.95,$77.01
08/28/2020,$80.00,1871110,$78.25,$81.87,$77.60
08/31/2020,$76.59,2491841,$80.00,$80.84,$76.16
09/01/2020,$78.42,1076498,$76.61,$78.49,$76.4401
09/02/2020,$77.45,1058513,$79.08,$79.16,$75.83
09/03/2020,$72.50,2284742,$76.49,$76.49,$71.50
09/04/2020,$72.06,1726095,$72.50,$73.33,$67.41
09/08/2020,$69.37,1504735,$69.46,$71.92,$68.27
09/09/2020,$71.70,1074005,$70.74,$72.13,$70.00
09/10/2020,$69.89,860404,$72.39,$73.015,$69.53
09/11/2020,$69.91,1058491,$70.92,$71.93,$69.67
09/14/2020,$71.46,631922,$71.05,$71.73,$70.10
09/15/2020,$72.89,1155801,$72.56,$74.05,$72.03
09/16/2020,$71.96,1529324,$73.78,$74.7436,$71.62
09/17/2020,$64.00,11380670,$66.03,$66.79,$63.61
09/18/2020,$61.75,4974281,$64.18,$64.79,$61.00
09/21/2020,$61.67,3434879,$60.48,$62.30,$60.25
09/22/2020,$61.55,1932715,$62.16,$62.20,$60.56
09/23/2020,$62.02,2785012,$62.07,$63.84,$61.80
09/24/2020,$61.30,2069962,$61.20,$62.20,$59.52
09/25/2020,$63.05,3341564,$61.25,$63.56,$60.40
09/28/2020,$65.37,1780883,$64.26,$65.58,$63.9301
09/29/2020,$65.76,1703318,$65.50,$66.00,$64.70
09/30/2020,$66.20,2893196,$65.795,$68.14,$65.65
10/01/2020,$68.57,2273917,$67.27,$68.88,$66.78
10/02/2020,$67.24,1329465,$67.01,$69.32,$66.71
10/05/2020,$71.50,2348768,$68.55,$71.78,$68.29
10/06/2020,$73.44,2498737,$72.58,$75.57,$71.80
10/07/2020,$78.71,5287226,$75.41,$81.24,$75.00
10/08/2020,$77.12,3179158,$80.50,$80.60,$76.50
10/09/2020,$78.81,3005878,$77.33,$81.43,$76.88
10/12/2020,$79.31,3802472,$81.97,$83.30,$77.31
10/13/2020,$82.93,3583284,$79.02,$84.45,$78.49
10/14/2020,$83.72,2612069,$84.16,$85.66,$82.57
10/15/2020,$82.28,2549734,$80.71,$82.8499,$78.69
10/16/2020,$84.18,3270855,$82.64,$85.50,$81.6378
10/19/2020,$83.43,3224446,$84.17,$87.44,$82.85
10/20/2020,$84.30,2405567,$84.73,$86.58,$82.94
10/21/2020,$81.60,3169680,$85.47,$87.41,$81.29
10/22/2020,$82.65,2473209,$81.80,$83.36,$80.15
10/23/2020,$85.37,2368619,$83.40,$86.24,$82.8001
10/26/2020,$83.75,3550542,$82.65,$85.11,$80.67
10/27/2020,$82.39,3841677,$83.12,$84.51,$81.449
10/28/2020,$93.31,14681860,$92.33,$97.93,$90.21
10/29/2020,$87.46,5460276,$91.15,$92.88,$86.75
10/30/2020,$87.045,5665075,$86.8375,$88.1019,$81.7054
11/02/2020,$88.89,3388043,$89.00,$90.88,$87.20
11/03/2020,$87.24,4308496,$89.52,$90.72,$85.00
11/04/2020,$79.78,9425625,$82.26,$83.54,$77.77
11/05/2020,$86.90,5866218,$82.31,$88.655,$82.01
11/06/2020,$88.27,4309437,$88.75,$90.73,$86.34
11/09/2020,$86.11,4033298,$95.72,$95.72,$86.045
11/10/2020,$80.75,3889939,$83.50,$86.00,$79.78
11/11/2020,$84.20,2373803,$82.04,$85.50,$82.00
11/12/2020,$81.40,2134795,$84.79,$85.00,$80.70
11/13/2020,$79.95,2464027,$82.29,$82.98,$79.76
11/16/2020,$80.21,2795984,$80.80,$82.25,$79.05
11/17/2020,$81.48,2340629,$80.15,$81.78,$79.272
11/18/2020,$81.99,2634853,$82.27,$83.82,$80.34
11/19/2020,$84.06,2671206,$81.46,$85.77,$81.45
11/20/2020,$84.69,1984072,$85.25,$86.4218,$83.37
11/23/2020,$86.92,3118418,$85.75,$87.35,$84.124
11/24/2020,$90.41,2649993,$89.51,$91.50,$86.3088
11/25/2020,$92.45,2241758,$89.84,$93.00,$89.51
11/27/2020,$94.70,2123669,$95.00,$97.5799,$93.68
11/30/2020,$93.43,2733492,$96.87,$98.4597,$90.60
12/01/2020,$91.06,2782281,$90.875,$93.40,$90.06
12/02/2020,$90.49,1931400,$89.92,$91.464,$87.26
12/03/2020,$88.92,2588534,$90.99,$92.73,$88.51
12/04/2020,$89.26,1793782,$89.95,$91.56,$88.47
12/07/2020,$88.75,1861027,$89.95,$90.85,$88.21
12/08/2020,$89.89,1339174,$88.74,$90.39,$88.70
12/09/2020,$86.22,1851882,$91.21,$91.34,$85.22
12/10/2020,$86.54,1159400,$85.90,$87.74,$85.61
12/11/2020,$86.37,1429089,$85.66,$87.92,$85.3964
12/14/2020,$86.59,1824894,$87.245,$88.25,$86.20
12/15/2020,$91.26,4302664,$85.50,$91.30,$84.77
12/16/2020,$91.77,2259942,$91.27,$93.18,$89.36
12/17/2020,$92.32,1535326,$92.95,$93.39,$91.01
12/18/2020,$93.59,4009551,$93.34,$95.49,$92.32
12/21/2020,$96.41,1997191,$92.40,$96.5297,$91.8415
12/22/2020,$105.16,4856496,$98.22,$106.04,$98.00
12/23/2020,$101.83,2943953,$107.37,$109.09,$101.34
12/24/2020,$102.40,1340633,$101.83,$103.29,$99.6904
12/28/2020,$101.19,3131665,$104.86,$108.53,$100.54
12/29/2020,$96.98,2150564,$101.41,$101.73,$95.27
12/30/2020,$100.34,1727458,$98.24,$101.65,$97.99
12/31/2020,$98.92,1585269,$100.27,$101.005,$98.80
01/04/2021,$101.24,2633637,$101.58,$105.31,$100.56
01/05/2021,$92.16,7295238,$97.09,$97.82,$91.30
01/06/2021,$99.69,6731293,$98.84,$102.13,$96.0601
01/07/2021,$105.50,3546720,$104.89,$107.1698,$102.83
01/08/2021,$104.10,3340085,$108.568,$109.62,$101.415
01/11/2021,$103.76,2529349,$101.51,$105.32,$101.20
01/12/2021,$104.32,2667948,$104.47,$107.47,$101.93
01/13/2021,$104.18,1776639,$104.58,$105.31,$101.35
01/14/2021,$106.04,2429495,$104.60,$108.47,$104.60
01/15/2021,$96.58,4178061,$104.99,$105.29,$96.29
01/19/2021,$100.24,2561422,$99.771,$100.99,$98.47
01/20/2021,$101.75,2434063,$103.30,$105.38,$101.05
01/21/2021,$107.53,2943052,$103.39,$107.72,$101.34
01/22/2021,$106.67,2085605,$104.51,$106.96,$102.85
01/25/2021,$104.94,3218534,$108.38,$112.50,$102.40
01/26/2021,$104.69,2084429,$106.355,$107.735,$102.59
01/27/2021,$102.81,2952174,$100.11,$104.93,$96.58
01/28/2021,$105.10,3395840,$103.67,$106.5622,$100.66
01/29/2021,$99.15,2867826,$104.45,$106.57,$98.08
02/01/2021,$98.31,2537274,$99.58,$99.90,$95.2946
02/02/2021,$97.29,2231127,$99.07,$100.8899,$96.60
02/03/2021,$98.94,1824150,$98.25,$99.43,$96.27
02/04/2021,$98.59,1760093,$99.31,$100.91,$97.11
02/05/2021,$97.40,2305939,$98.95,$99.7973,$96.165
02/08/2021,$100.33,1600463,$98.08,$101.20,$97.90
02/09/2021,$101.85,1838399,$100.18,$103.14,$99.30
02/10/2021,$99.88,2337199,$102.72,$104.99,$98.14
02/11/2021,$99.59,1753215,$100.72,$100.73,$98.10
02/12/2021,$100.75,1472232,$98.50,$101.2399,$97.18
02/16/2021,$98.71,1536654,$101.79,$102.29,$97.82
02/17/2021,$95.84,3510356,$98.40,$98.40,$90.91
02/18/2021,$91.38,2637156,$92.73,$93.5845,$89.5631
02/19/2021,$90.96,2451051,$92.90,$93.78,$90.80
02/22/2021,$86.61,2862062,$88.89,$89.9899,$85.91
02/23/2021,$86.97,3878530,$82.63,$87.84,$77.9045
02/24/2021,$88.03,2605613,$87.32,$88.04,$83.03
02/25/2021,$81.40,3209754,$86.71,$88.78,$81.35
02/26/2021,$81.02,3272647,$80.31,$82.90,$78.29
03/01/2021,$84.89,2521349,$82.23,$85.75,$82.00
03/02/2021,$83.19,1686145,$84.74,$86.78,$82.87
03/03/2021,$78.88,2352021,$83.342,$84.16,$78.70
03/04/2021,$75.36,3641056,$77.95,$80.01,$73.34
03/05/2021,$73.70,4640963,$75.99,$76.55,$68.07
03/08/2021,$71.45,2483183,$73.79,$74.96,$71.01
03/09/2021,$76.67,3338609,$74.00,$77.43,$73.37
03/10/2021,$75.72,2619292,$78.15,$79.515,$74.71
03/11/2021,$81.02,2390067,$78.65,$81.80,$78.20
03/12/2021,$81.95,1784334,$79.08,$82.42,$78.01
03/15/2021,$82.53,1652080,$82.23,$83.61,$80.46
03/16/2021,$82.46,1735349,$82.53,$84.44,$81.1775
03/17/2021,$80.14,1947466,$80.501,$81.589,$78.69
03/18/2021,$77.61,2215358,$79.03,$81.00,$77.29
03/19/2021,$79.97,2486778,$78.53,$80.22,$77.6175
03/22/2021,$81.83,1711445,$80.45,$82.97,$79.7601
03/23/2021,$80.52,1583862,$81.83,$83.07,$79.88
03/24/2021,$80.72,1966486,$81.51,$82.80,$80.50
03/25/2021,$80.73,2314542,$78.02,$80.84,$75.3389
03/26/2021,$85.69,2671788,$81.16,$85.72,$81.06
03/29/2021,$81.61,1737036,$85.50,$85.54,$80.61
03/30/2021,$86.53,2584544,$81.61,$87.08,$81.41
03/31/2021,$87.30,2260404,$87.88,$88.90,$86.30
04/01/2021,$86.15,1789323,$88.79,$89.20,$85.2827
04/05/2021,$83.12,2549532,$87.87,$87.87,$81.82
04/06/2021,$84.21,1555685,$83.249,$86.18,$82.72
04/07/2021,$81.00,1941998,$83.44,$83.83,$80.02
04/08/2021,$81.19,1536365,$82.00,$82.84,$80.80
04/09/2021,$79.61,1937572,$79.90,$80.07,$78.52
04/12/2021,$78.75,2283845,$79.03,$79.03,$76.50
04/13/2021,$78.99,1244040,$79.16,$79.55,$76.92
04/14/2021,$78.57,2145115,$79.53,$81.545,$78.17
04/15/2021,$77.17,1856534,$79.59,$79.65,$75.76
04/16/2021,$80.14,5828660,$77.17,$80.375,$77.16
04/19/2021,$80.21,3608172,$82.62,$84.49,$79.32
04/20/2021,$79.36,1571179,$79.665,$81.33,$77.70
04/21/2021,$83.65,2793752,$79.23,$83.75,$78.16
04/22/2021,$87.15,4137579,$84.65,$89.00,$84.65
04/23/2021,$88.56,2258556,$88.645,$89.64,$87.40
04/26/2021,$89.79,1786152,$88.94,$91.00,$87.55
04/27/2021,$89.69,1825143,$90.00,$91.12,$89.435
04/28/2021,$88.70,1553064,$87.98,$89.61,$87.23
04/29/2021,$87.29,2906865,$89.77,$89.99,$86.63
04/30/2021,$76.53,8849826,$84.01,$84.91,$76.41
05/03/2021,$75.77,4807048,$77.62,$77.74,$74.05
05/04/2021,$73.82,3100796,$74.00,$74.47,$71.71
05/05/2021,$74.39,2418097,$74.01,$75.45,$72.80
05/06/2021,$73.63,2432579,$74.165,$74.55,$71.76
05/07/2021,$74.62,2129297,$74.89,$76.33,$73.79
05/10/2021,$72.19,1744595,$74.62,$74.62,$72.10
05/11/2021,$71.89,2915044,$68.32,$72.87,$67.71
05/12/2021,$69.73,2000292,$70.90,$71.58,$69.37
05/13/2021,$69.57,1703821,$70.28,$70.76,$68.3801
05/14/2021,$72.58,1741074,$70.75,$72.885,$70.75
05/17/2021,$71.55,1727353,$72.10,$72.23,$70.11
05/18/2021,$72.39,1755206,$72.40,$73.95,$71.00
05/19/2021,$74.24,2061572,$71.19,$74.99,$70.65
05/20/2021,$76.64,2008268,$74.11,$76.95,$73.63
05/21/2021,$75.93,1053795,$77.20,$77.46,$75.38
05/24/2021,$75.38,751614,$76.88,$76.88,$75.07
05/25/2021,$74.80,769458,$75.97,$76.34,$74.60
05/26/2021,$77.53,1631147,$74.97,$77.90,$74.75
05/27/2021,$76.93,1274871,$77.23,$77.65,$76.38
05/28/2021,$76.11,1143526,$77.45,$78.18,$76.03
06/01/2021,$76.88,1173767,$77.24,$78.38,$75.41
06/02/2021,$76.96,1017393,$76.57,$77.50,$76.42
06/03/2021,$75.37,885408,$76.28,$76.98,$75.22
06/04/2021,$75.84,752230,$75.85,$77.295,$75.50
06/07/2021,$75.01,1124809,$75.66,$75.94,$74.45
06/08/2021,$75.96,1757057,$75.70,$76.30,$73.91
06/09/2021,$76.81,2098604,$77.44,$79.12,$76.6201
06/10/2021,$80.40,3570441,$77.01,$80.80,$76.85
06/11/2021,$79.59,1856667,$80.84,$81.83,$79.36
06/14/2021,$78.61,1472024,$80.00,$80.76,$78.28
06/15/2021,$76.17,2137182,$78.625,$78.87,$75.51
06/16/2021,$77.40,1493552,$75.91,$78.465,$75.22
06/17/2021,$78.53,1344503,$76.54,$79.53,$76.36
06/18/2021,$76.97,2842156,$77.81,$79.31,$75.89
06/21/2021,$78.19,2230884,$77.11,$80.99,$76.10
06/22/2021,$78.38,2296695,$78.50,$80.47,$77.33
06/23/2021,$80.19,1172593,$78.70,$80.5595,$78.62
06/24/2021,$84.51,6047377,$86.39,$87.67,$84.36
06/25/2021,$87.87,4874030,$85.37,$88.92,$85.01
06/28/2021,$92.71,3854631,$88.375,$93.49,$88.32
06/29/2021,$92.67,1990302,$92.216,$94.08,$91.85
06/30/2021,$90.51,1782736,$91.55,$92.365,$89.80
07/01/2021,$90.17,1334756,$91.26,$91.49,$89.03
07/02/2021,$90.82,1220131,$90.17,$91.66,$89.645
07/06/2021,$91.19,1579227,$91.30,$92.65,$89.1403
07/07/2021,$91.27,1898605,$92.0838,$94.08,$90.4014
07/08/2021,$89.91,1900776,$89.22,$90.41,$86.60
07/09/2021,$92.54,1453792,$90.15,$92.84,$89.46
07/12/2021,$94.29,2303609,$93.20,$95.64,$93.14
07/13/2021,$92.79,1761784,$93.21,$94.48,$91.60
07/14/2021,$90.04,1837144,$92.79,$93.03,$89.95
07/15/2021,$85.60,2592821,$89.03,$89.68,$84.94
07/16/2021,$83.49,2326392,$86.199,$86.50,$83.11
07/19/2021,$83.05,2035536,$81.31,$83.45,$80.14
07/20/2021,$82.68,2225234,$83.71,$83.99,$81.73
07/21/2021,$85.19,1609585,$83.14,$85.8294,$83.02
07/22/2021,$83.68,981526,$84.88,$85.46,$82.62
07/23/2021,$82.95,1165712,$83.74,$83.78,$82.08
07/26/2021,$81.35,1417698,$82.70,$83.61,$80.415
07/27/2021,$81.36,1761461,$81.28,$81.38,$78.9301
07/28/2021,$83.48,2115883,$81.68,$84.60,$81.22
07/29/2021,$83.74,1650647,$84.24,$85.36,$83.5452
07/30/2021,$86.04,3767064,$81.98,$88.105,$80.75
08/02/2021,$88.27,2536625,$89.044,$89.69,$86.66
08/03/2021,$92.34,3270068,$90.00,$92.58,$89.99
08/04/2021,$92.21,1794533,$91.20,$92.98,$91.15
08/05/2021,$91.62,1115798,$91.99,$92.30,$90.52
08/06/2021,$93.15,2148477,$91.26,$95.0567,$91.23
08/09/2021,$94.71,1310509,$92.87,$95.15,$91.89
08/10/2021,$95.75,1490451,$94.61,$96.37,$94.33
08/11/2021,$95.91,1125632,$95.75,$96.54,$94.35
08/12/2021,$96.94,947096,$95.75,$97.07,$95.21
08/13/2021,$96.60,1561593,$96.89,$96.89,$95.90
08/16/2021,$96.83,1477066,$95.75,$97.48,$95.20
08/17/2021,$93.51,1900688,$95.83,$96.395,$91.75
08/18/2021,$93.65,1195971,$93.89,$95.39,$93.12
08/19/2021,$92.99,895264,$91.56,$93.38,$91.40
08/20/2021,$94.54,741783,$92.99,$94.75,$92.41
08/23/2021,$96.04,868186,$95.14,$96.23,$94.62
08/24/2021,$94.47,1000599,$96.00,$97.55,$94.41
08/25/2021,$93.63,807685,$95.73,$95.73,$93.39
08/26/2021,$93.68,893358,$92.88,$94.87,$92.508
08/27/2021,$94.44,774988,$93.49,$95.19,$93.31
08/30/2021,$95.69,1324312,$95.23,$96.03,$94.61
08/31/2021,$94.00,1020783,$95.69,$96.25,$93.73
09/01/2021,$94.06,888239,$94.46,$95.30,$93.71
09/02/2021,$94.87,753462,$94.97,$96.19,$94.40
09/03/2021,$94.06,567440,$94.24,$94.80,$93.13
09/07/2021,$94.48,711802,$93.81,$94.76,$93.13
09/08/2021,$95.43,3673161,$98.398,$102.09,$95.15
09/09/2021,$98.89,2589417,$95.53,$99.58,$95.16
09/10/2021,$99.41,2993219,$100.20,$103.00,$99.40
09/13/2021,$106.17,3645042,$100.39,$106.75,$98.85
09/14/2021,$105.16,2008295,$106.00,$107.27,$104.08
09/15/2021,$104.70,1204099,$104.936,$105.16,$102.16
09/16/2021,$103.29,1108271,$104.42,$105.10,$102.51
09/17/2021,$104.02,4205666,$102.94,$104.43,$101.80
09/20/2021,$95.69,4157232,$100.54,$100.575,$93.59
09/21/2021,$95.01,2292526,$96.65,$96.717,$91.8887
09/22/2021,$95.71,1346420,$95.51,$96.96,$94.545
09/23/2021,$93.45,1963144,$95.80,$96.81,$93.23
09/24/2021,$91.15,2186420,$92.41,$93.235,$90.18
09/27/2021,$95.56,1955930,$91.08,$95.7099,$90.28
09/28/2021,$95.25,1638686,$93.70,$95.81,$93.38
09/29/2021,$94.07,1790605,$95.85,$96.65,$93.23
09/30/2021,$95.46,1421836,$94.00,$96.37,$93.45
10/01/2021,$96.57,1152490,$96.27,$97.50,$94.941
10/04/2021,$95.01,1376054,$95.82,$96.29,$93.14
10/05/2021,$95.60,814577,$95.614,$96.665,$95.05
10/06/2021,$95.18,1517239,$94.44,$95.635,$92.764
10/07/2021,$97.52,1493466,$97.05,$99.88,$96.00
10/08/2021,$98.67,928187,$97.964,$98.78,$97.37
10/11/2021,$102.29,2980129,$99.31,$105.40,$99.09
10/12/2021,$105.27,2437555,$102.20,$108.01,$102.20
10/13/2021,$106.02,1829553,$105.68,$108.30,$105.18
10/14/2021,$106.20,2054029,$107.39,$108.49,$105.91
10/15/2021,$105.11,2701997,$106.47,$108.15,$104.95
10/18/2021,$104.78,1244538,$102.526,$106.25,$102.50
10/19/2021,$108.28,2162656,$104.59,$109.96,$104.16
10/20/2021,$103.23,2768047,$104.01,$105.2282,$101.15
10/21/2021,$106.29,1750869,$104.16,$107.11,$103.33
10/22/2021,$106.22,872657,$105.79,$106.29,$103.91
10/25/2021,$109.04,1165957,$107.53,$109.58,$106.58
10/26/2021,$108.94,1304152,$109.80,$110.90,$106.99
10/27/2021,$110.23,2378714,$114.295,$116.59,$110.1001
10/28/2021,$117.88,2592214,$111.50,$118.06,$111.03
10/29/2021,$119.59,2729367,$116.87,$120.90,$116.60
11/01/2021,$121.14,2426993,$120.25,$123.125,$117.87
11/02/2021,$118.65,1672135,$120.768,$122.36,$118.34
11/03/2021,$116.83,1855634,$116.11,$117.57,$114.61
11/04/2021,$116.66,2076189,$116.25,$116.80,$114.12
11/05/2021,$116.31,2651587,$113.79,$116.50,$111.501
11/08/2021,$115.03,1765842,$117.98,$119.8573,$112.59
11/09/2021,$114.10,1166544,$114.91,$115.81,$111.04
11/10/2021,$110.99,1512911,$112.59,$115.00,$110.82
11/11/2021,$113.60,1492251,$108.15,$114.255,$107.23
11/12/2021,$110.92,1000456,$113.67,$114.5663,$110.83
11/15/2021,$112.31,1228360,$111.401,$112.32,$109.14
11/16/2021,$104.49,4421128,$112.30,$112.64,$101.27
11/17/2021,$103.94,1540985,$104.09,$106.66,$103.29
11/18/2021,$103.43,1179544,$104.67,$104.67,$101.1253
11/19/2021,$108.37,1775010,$103.76,$110.32,$102.83
11/22/2021,$108.16,1791827,$113.23,$114.96,$107.93
11/23/2021,$107.14,1481791,$108.07,$109.33,$105.22
11/24/2021,$108.28,2096716,$106.50,$110.80,$103.94
11/26/2021,$105.92,843413,$104.781,$107.74,$103.30
11/29/2021,$106.85,1037569,$105.90,$107.50,$104.16
11/30/2021,$103.60,1306643,$106.61,$107.87,$102.311
12/01/2021,$101.64,1318805,$105.905,$108.18,$101.53
12/02/2021,$102.04,919946,$100.262,$103.28,$99.0601
12/03/2021,$98.25,1492832,$104.81,$104.97,$96.80
12/06/2021,$99.11,1178782,$98.25,$99.60,$94.23
12/07/2021,$101.20,1132680,$102.19,$104.02,$100.53
12/08/2021,$100.71,828697,$100.77,$102.00,$99.78
12/09/2021,$96.64,1049228,$99.94,$101.14,$96.44
12/10/2021,$97.20,1139534,$98.15,$98.56,$94.90
12/13/2021,$97.07,1652066,$97.057,$99.39,$93.13
12/14/2021,$95.32,1143943,$94.37,$96.01,$92.715
12/15/2021,$95.18,1355595,$95.3913,$95.3913,$91.27
12/16/2021,$91.20,1568538,$96.14,$97.30,$89.44
12/17/2021,$93.16,2740856,$89.58,$93.77,$88.76
12/20/2021,$85.76,2964049,$87.79,$88.00,$84.78
12/21/2021,$89.12,1295245,$87.20,$89.21,$87.00
12/22/2021,$87.92,800405,$88.735,$88.87,$86.66
12/23/2021,$87.37,937607,$88.63,$88.63,$86.20
12/27/2021,$87.86,731039,$88.00,$88.00,$85.90
12/28/2021,$87.35,560918,$88.25,$88.7044,$87.08
12/29/2021,$87.18,795337,$87.16,$88.14,$85.97
12/30/2021,$88.04,837518,$87.76,$89.2867,$87.395
12/31/2021,$87.16,502906,$87.50,$88.9799,$87.11
01/03/2022,$88.58,770621,$88.01,$89.02,$86.74
01/04/2022,$87.28,1810558,$91.195,$91.36,$85.45
01/05/2022,$83.51,1480537,$87.30,$87.825,$83.11
01/06/2022,$83.97,1412807,$83.01,$84.48,$81.10
01/07/2022,$84.68,1046132,$83.44,$85.99,$83.32
01/10/2022,$84.30,1553588,$83.02,$84.39,$80.84
01/11/2022,$84.45,896891,$84.47,$85.08,$83.39
01/12/2022,$84.12,790069,$85.14,$86.50,$83.87
01/13/2022,$82.78,1030455,$85.46,$86.40,$82.63
01/14/2022,$83.02,1221183,$82.17,$84.3195,$81.05
01/18/2022,$81.50,940916,$81.45,$82.49,$80.41
01/19/2022,$81.37,975952,$81.65,$82.74,$80.651
01/20/2022,$81.49,1618752,$83.193,$85.33,$81.48
01/21/2022,$76.82,2299871,$80.44,$80.80,$76.48
01/24/2022,$77.93,1549803,$74.90,$77.96,$72.55
01/25/2022,$75.94,1217262,$75.43,$77.44,$74.16
01/26/2022,$76.37,1432497,$78.78,$79.40,$75.29
01/27/2022,$72.22,2613664,$77.56,$78.19,$72.19
01/28/2022,$73.42,1395500,$72.10,$73.90,$69.86
01/31/2022,$78.38,2347311,$73.84,$78.56,$73.84
02/01/2022,$77.70,1275619,$78.32,$78.87,$75.7303
02/02/2022,$76.37,1173795,$78.37,$78.4823,$75.90
02/03/2022,$71.28,2220366,$72.23,$74.2099,$71.02
02/04/2022,$71.00,2863731,$71.27,$71.50,$67.3928
02/07/2022,$69.74,1287232,$70.89,$71.42,$69.175
02/08/2022,$70.39,1263134,$69.80,$70.595,$68.92
02/09/2022,$74.17,1976486,$74.00,$74.23,$71.81
02/10/2022,$71.22,1365442,$72.002,$73.90,$70.875
02/11/2022,$69.31,1092740,$71.34,$71.9299,$68.56
02/14/2022,$68.23,1051944,$68.86,$70.34,$67.8801
02/15/2022,$72.10,1058148,$70.10,$72.18,$69.27
02/16/2022,$71.67,1007674,$70.95,$72.07,$70.02
02/17/2022,$69.95,1097387,$70.82,$71.85,$69.89
02/18/2022,$68.57,881349,$69.97,$70.22,$67.9001
02/22/2022,$65.85,1192307,$67.24,$68.28,$65.53
02/23/2022,$64.90,1299503,$66.88,$66.88,$64.72
02/24/2022,$69.04,2553875,$62.13,$69.06,$61.24
02/25/2022,$70.68,1611179,$69.12,$70.73,$68.08
02/28/2022,$75.29,3132178,$71.935,$75.54,$71.845
03/01/2022,$75.62,3224494,$75.17,$76.935,$74.60
03/02/2022,$69.51,8286891,$65.84,$69.66,$63.01
03/03/2022,$67.37,2623436,$68.67,$70.14,$66.89
03/04/2022,$71.85,3174665,$66.74,$72.48,$66.45
03/07/2022,$75.00,3370680,$73.80,$76.67,$72.11
03/08/2022,$79.52,3976830,$75.50,$81.80,$75.50
03/09/2022,$78.89,2339680,$78.69,$80.40,$76.08
03/10/2022,$76.50,2145130,$77.98,$78.32,$73.84
03/11/2022,$75.39,1538830,$76.47,$77.99,$75.07
03/14/2022,$71.99,1650243,$74.62,$75.12,$71.35
03/15/2022,$74.96,1444644,$71.33,$75.00,$70.52
03/16/2022,$77.59,1808605,$75.44,$77.67,$74.00
03/17/2022,$78.22,1494354,$76.66,$78.39,$75.97
03/18/2022,$77.60,1968426,$77.36,$78.80,$77.17
03/21/2022,$77.39,1174350,$77.72,$78.4746,$75.95
03/22/2022,$79.08,1172614,$77.60,$80.45,$77.49
03/23/2022,$77.99,1128289,$79.12,$79.79,$77.61
03/24/2022,$79.53,988531,$78.28,$79.75,$77.94
03/25/2022,$79.65,1058948,$79.67,$79.83,$77.91
03/28/2022,$84.09,4263509,$79.68,$85.79,$79.545
03/29/2022,$84.59,1562118,$83.90,$85.2341,$81.82
03/30/2022,$81.94,1094495,$83.83,$84.42,$81.41
03/31/2022,$83.74,2248523,$82.32,$85.28,$81.93
04/01/2022,$84.01,1422558,$84.10,$86.31,$82.89
04/04/2022,$83.96,1408854,$83.46,$84.775,$82.45
04/05/2022,$80.33,2516932,$81.40,$82.92,$79.83
04/06/2022,$78.13,1265902,$79.03,$79.99,$77.41
04/07/2022,$78.54,942382,$78.26,$79.90,$77.07
04/08/2022,$77.61,890360,$78.38,$79.43,$76.95
04/11/2022,$78.86,1311229,$76.65,$80.37,$76.25
04/12/2022,$79.10,1539279,$79.89,$81.60,$79.05
04/13/2022,$79.70,785988,$78.83,$79.97,$77.76
04/14/2022,$78.12,835703,$79.74,$80.638,$78.10
04/18/2022,$78.66,555937,$77.85,$79.36,$77.53
04/19/2022,$78.73,862261,$78.15,$79.58,$77.71
04/20/2022,$76.93,901135,$79.52,$80.08,$76.74
04/21/2022,$74.43,1685191,$77.99,$79.10,$73.90
04/22/2022,$72.37,2845749,$74.43,$75.525,$72.143
04/25/2022,$72.45,1275273,$71.07,$72.50,$69.56
04/26/2022,$71.44,1211681,$71.87,$73.20,$71.11
04/27/2022,$72.14,1067467,$72.43,$74.60,$71.92
04/28/2022,$72.26,1570110,$72.71,$73.52,$70.01
04/29/2022,$73.03,2522403,$73.07,$74.98,$72.60
05/02/2022,$73.64,1392659,$72.77,$74.31,$71.42
05/03/2022,$75.11,1056284,$72.85,$76.65,$72.57
05/04/2022,$78.70,1403859,$75.66,$78.96,$75.01
05/05/2022,$76.41,1070569,$77.38,$77.92,$75.21
05/06/2022,$72.14,1398122,$75.28,$75.68,$71.25
05/09/2022,$68.25,1472202,$70.17,$71.13,$67.01
05/10/2022,$67.58,1189680,$69.98,$70.68,$66.45
05/11/2022,$61.72,2230655,$66.96,$67.39,$61.56
05/12/2022,$61.40,2070652,$60.47,$62.64,$59.60
05/13/2022,$64.25,1629634,$64.85,$66.0084,$63.55
05/16/2022,$62.77,861145,$63.74,$64.23,$62.3716
05/17/2022,$65.40,970909,$64.72,$65.53,$63.66
05/18/2022,$65.36,1156245,$63.87,$66.8525,$63.82
05/19/2022,$66.47,1080662,$65.34,$67.85,$65.24
05/20/2022,$65.77,1402658,$67.56,$68.67,$63.8408
05/23/2022,$66.06,875608,$66.21,$66.45,$64.00
05/24/2022,$64.59,1100691,$65.56,$65.61,$63.83
05/25/2022,$66.04,779645,$64.88,$66.20,$64.16
05/26/2022,$68.08,801739,$66.00,$68.48,$65.75
05/27/2022,$72.01,1575760,$68.60,$72.15,$68.60
05/31/2022,$70.61,1428333,$72.15,$73.49,$69.98
06/01/2022,$70.87,1319540,$70.61,$71.75,$69.495
06/02/2022,$74.24,1562711,$70.85,$74.64,$70.62
06/03/2022,$74.93,1131643,$73.14,$76.20,$73.14
06/06/2022,$71.99,3519398,$76.72,$76.72,$71.58
06/07/2022,$72.00,1711644,$71.21,$72.02,$70.53
06/08/2022,$71.69,858780,$71.75,$72.87,$70.61
06/09/2022,$69.83,1116119,$70.93,$71.86,$69.77
06/10/2022,$68.00,1240921,$68.23,$68.95,$67.07
06/13/2022,$63.13,1400303,$65.14,$66.06,$62.77
06/14/2022,$61.95,1086956,$63.805,$64.15,$61.075
06/15/2022,$64.03,1474848,$62.50,$64.49,$61.51
06/16/2022,$62.01,2262666,$62.01,$64.29,$60.77
06/17/2022,$66.71,2488203,$62.85,$67.53,$62.85
06/21/2022,$68.20,2214096,$68.19,$69.00,$66.5704
06/22/2022,$67.60,1473508,$66.664,$68.74,$66.664
06/23/2022,$69.60,1354622,$68.55,$69.87,$67.50
06/24/2022,$70.07,1271854,$70.25,$70.60,$68.21
06/27/2022,$70.62,916681,$70.38,$71.53,$69.51
06/28/2022,$67.75,1431744,$70.88,$70.96,$67.56
06/29/2022,$66.84,1231945,$66.78,$67.4899,$65.52
06/30/2022,$68.13,1050113,$66.09,$68.76,$65.55
07/01/2022,$68.15,1079760,$67.58,$68.89,$67.24
07/05/2022,$66.23,1545383,$66.87,$67.33,$62.39
07/06/2022,$66.16,1383837,$66.25,$67.3799,$65.50
07/07/2022,$70.64,1369431,$67.16,$71.00,$67.16
07/08/2022,$72.51,1343234,$69.89,$73.54,$69.58
07/11/2022,$69.29,1004732,$71.45,$72.01,$69.13
07/12/2022,$68.42,1417067,$69.48,$69.88,$67.38
07/13/2022,$69.16,972826,$67.29,$69.2588,$66.345
07/14/2022,$71.04,1478151,$68.56,$71.35,$67.16
07/15/2022,$65.27,7230955,$67.79,$68.13,$60.96
07/18/2022,$67.005,1940615,$66.30,$69.00,$65.46
07/19/2022,$70.65,2109540,$67.53,$71.80,$67.005
07/20/2022,$72.98,1361147,$70.65,$73.41,$70.37
07/21/2022,$73.26,1135365,$73.38,$73.50,$71.45
07/22/2022,$72.59,1239207,$73.37,$73.99,$71.52
07/25/2022,$74.15,1165367,$72.29,$74.39,$71.085
07/26/2022,$73.57,887744,$73.78,$74.19,$72.71
07/27/2022,$76.76,1714634,$75.46,$77.50,$74.18
07/28/2022,$88.50,7707210,$89.63,$92.54,$87.34
07/29/2022,$99.17,9557475,$90.43,$102.12,$90.16
08/01/2022,$99.49,3539365,$98.97,$101.38,$96.39
08/02/2022,$99.72,2467454,$98.01,$101.635,$97.26
08/03/2022,$97.89,3008591,$101.80,$101.88,$95.77
08/04/2022,$99.17,1774606,$97.43,$99.87,$96.00
08/05/2022,$101.90,3322492,$102.03,$103.90,$99.36
08/08/2022,$106.74,6303350,$109.20,$114.32,$106.57
08/09/2022,$109.01,3332977,$104.31,$110.22,$103.51
08/10/2022,$114.51,3312597,$111.83,$115.34,$108.73
08/11/2022,$114.58,3137198,$117.35,$118.00,$114.00
08/12/2022,$117.965,2476136,$115.10,$118.11,$113.66
08/15/2022,$118.22,2993729,$117.41,$121.91,$116.015
08/16/2022,$116.99,1808430,$117.50,$119.37,$116.47
08/17/2022,$116.30,1765161,$115.14,$116.81,$113.89
08/18/2022,$117.82,2315935,$118.74,$121.34,$117.58
08/19/2022,$115.41,1655452,$114.71,$116.2619,$113.42
08/22/2022,$114.48,1863899,$112.25,$115.734,$111.20
08/23/2022,$114.42,1066393,$115.27,$116.89,$113.58
08/24/2022,$118.44,1947115,$113.80,$119.575,$113.80
08/25/2022,$121.69,1942581,$118.99,$121.74,$118.40
08/26/2022,$121.75,3381384,$125.50,$126.17,$120.97
08/29/2022,$121.69,2360859,$119.61,$123.945,$118.13
08/30/2022,$122.31,6042679,$125.00,$130.25,$120.28
08/31/2022,$127.55,6105228,$124.97,$129.89,$124.09
09/01/2022,$127.84,3850543,$124.53,$128.9844,$123.73
09/02/2022,$126.41,3127186,$129.74,$130.95,$124.01
09/06/2022,$127.60,3036920,$126.20,$129.73,$124.1703
09/07/2022,$134.80,4356568,$127.18,$135.20,$125.57
09/08/2022,$137.53,5436729,$137.41,$139.9094,$134.38
09/09/2022,$135.82,3627324,$138.09,$138.41,$133.41
09/12/2022,$136.79,2250585,$134.62,$137.07,$132.66
09/13/2022,$136.76,3497575,$132.00,$140.14,$131.56
09/14/2022,$135.76,2676599,$136.21,$136.49,$133.39
09/15/2022,$132.02,2510216,$134.62,$135.60,$131.14
09/16/2022,$135.81,4924614,$130.81,$136.45,$130.20
09/19/2022,$137.04,2163221,$135.12,$138.00,$134.52
09/20/2022,$133.31,1945593,$136.48,$137.96,$133.11
09/21/2022,$135.57,3108132,$134.53,$140.64,$132.39
09/22/2022,$131.77,2517014,$135.58,$136.30,$129.555
09/23/2022,$129.85,3679685,$128.68,$130.949,$127.07
09/26/2022,$128.21,2681225,$129.90,$133.00,$127.60
09/27/2022,$132.31,2809980,$131.47,$135.81,$129.80
09/28/2022,$136.19,2936527,$131.07,$136.69,$129.0812
09/29/2022,$130.93,2521308,$136.47,$138.19,$129.23
09/30/2022,$132.27,3453981,$129.90,$136.20,$129.72
10/03/2022,$136.62,3266384,$132.70,$137.74,$131.34
10/04/2022,$143.06,4545098,$140.11,$145.74,$140.11
10/05/2022,$134.59,3843906,$141.17,$142.63,$132.54
10/06/2022,$132.06,2834653,$134.46,$138.26,$131.85
10/07/2022,$129.42,4238023,$129.735,$133.79,$127.92
10/10/2022,$131.06,2614200,$128.50,$131.58,$125.17
10/11/2022,$131.32,3052050,$128.80,$132.50,$125.35
10/12/2022,$126.88,2867666,$131.40,$131.85,$125.81
10/13/2022,$126.54,3090312,$121.21,$128.56,$120.46
10/14/2022,$123.36,2056051,$127.60,$129.42,$123.18
10/17/2022,$118.28,4176907,$125.68,$125.8904,$115.66
10/18/2022,$121.31,2700421,$121.64,$122.89,$118.35
10/19/2022,$120.21,2223900,$120.30,$120.42,$116.76
10/20/2022,$118.72,2163977,$120.27,$121.86,$116.47
10/21/2022,$122.60,3619276,$118.32,$124.24,$116.77
10/24/2022,$124.57,1726349,$123.15,$125.86,$120.1723
10/25/2022,$127.145,2046502,$124.62,$128.66,$124.605
10/26/2022,$131.40,2940536,$130.33,$133.74,$128.86
10/27/2022,$131.18,3135891,$131.73,$133.42,$128.69
10/28/2022,$132.67,5669919,$131.15,$138.71,$127.55
10/31/2022,$145.57,7117027,$133.98,$148.1992,$133.00
11/01/2022,$148.57,3621561,$148.00,$149.56,$143.38
11/02/2022,$150.07,3606959,$148.37,$154.75,$147.50
11/03/2022,$157.73,3502433,$149.27,$158.4799,$149.06
11/04/2022,$153.62,3261883,$160.228,$161.64,$149.11
11/07/2022,$147.25,2622905,$154.83,$155.28,$144.271
11/08/2022,$147.265,2639030,$149.07,$152.19,$146.27
11/09/2022,$151.16,2769214,$146.79,$155.889,$146.258
11/10/2022,$157.02,3816388,$155.08,$160.54,$149.2096
11/11/2022,$150.42,2531957,$155.32,$157.6789,$150.08
11/14/2022,$153.63,1815526,$151.39,$155.85,$147.75
11/15/2022,$159.63,2041308,$160.13,$160.56,$154.60
11/16/2022,$158.58,1808482,$157.44,$162.5299,$157.01
11/17/2022,$164.98,2584512,$156.50,$165.12,$154.83
11/18/2022,$166.60,2140741,$165.305,$167.58,$161.90
11/21/2022,$165.39,1435932,$165.70,$167.59,$163.46
11/22/2022,$167.66,1684914,$166.37,$168.17,$163.7362
11/23/2022,$169.47,1645753,$167.89,$170.52,$166.68
11/25/2022,$171.43,1116948,$169.02,$173.21,$167.31
11/28/2022,$165.62,3488693,$167.51,$170.60,$163.68
11/29/2022,$161.81,2256849,$165.43,$167.79,$160.91
11/30/2022,$172.53,8693353,$163.02,$173.68,$163.02
12/01/2022,$168.54,2123310,$172.56,$173.63,$166.48
12/02/2022,$168.32,2802768,$168.49,$173.60,$167.57
12/05/2022,$167.14,1851071,$168.00,$169.8099,$165.32
12/06/2022,$157.47,3334662,$162.63,$166.26,$156.74
12/07/2022,$154.74,2162407,$156.51,$158.9542,$153.265
12/08/2022,$152.71,1483925,$156.22,$157.2399,$151.82
12/09/2022,$150.96,1851370,$151.24,$154.71,$149.86
12/12/2022,$150.28,1769906,$149.77,$153.76,$148.5603
12/13/2022,$157.08,3214096,$152.89,$158.99,$150.8501
12/14/2022,$160.09,2727050,$157.89,$162.50,$155.37
12/15/2022,$159.41,2745861,$158.50,$162.19,$156.90
12/16/2022,$155.08,22634790,$158.69,$160.74,$152.555
12/19/2022,$156.77,2856054,$155.98,$161.73,$154.51
12/20/2022,$156.59,2185333,$156.81,$161.38,$154.0415
12/21/2022,$162.06,2532281,$157.03,$162.20,$150.2471
12/22/2022,$156.89,2095723,$160.98,$161.62,$154.54
12/23/2022,$156.75,1027956,$157.98,$157.98,$153.115
12/27/2022,$150.22,1955072,$156.33,$157.76,$150.01
12/28/2022,$146.17,2773152,$150.00,$150.4799,$142.35
12/29/2022,$148.78,1447688,$148.37,$149.6448,$144.74
12/30/2022,$149.79,1438937,$146.88,$149.90,$145.635
01/03/2023,$145.94,1902425,$151.01,$152.45,$144.73
01/04/2023,$146.78,2137731,$146.65,$147.8096,$145.0001
01/05/2023,$145.46,1868511,$145.60,$147.02,$141.81
01/06/2023,$156.80,2868331,$148.195,$157.16,$147.50
01/09/2023,$159.17,2418343,$157.55,$162.3499,$155.14
01/10/2023,$171.01,3671063,$159.60,$171.50,$158.29
01/11/2023,$172.41,3773142,$170.46,$177.604,$170.29
01/12/2023,$178.85,2835415,$173.10,$179.28,$171.70
01/13/2023,$180.19,1934593,$177.72,$182.58,$176.75
01/17/2023,$177.60,2559698,$181.00,$185.28,$176.43
01/18/2023,$177.57,2089790,$178.63,$180.88,$172.8401
01/19/2023,$165.01,3193621,$175.295,$176.17,$164.19
01/20/2023,$167.87,2777239,$165.78,$168.43,$162.74
01/23/2023,$176.21,2372949,$168.335,$177.395,$166.50
01/24/2023,$171.485,1677608,$174.31,$175.49,$170.325
01/25/2023,$168.26,1699478,$167.86,$169.72,$163.82
01/26/2023,$175.43,2093727,$170.20,$177.09,$168.00
01/27/2023,$179.35,1730088,$173.19,$180.78,$172.385
01/30/2023,$170.78,1496286,$177.39,$179.00,$170.14
01/31/2023,$177.60,1504833,$171.18,$177.61,$170.34
02/01/2023,$180.15,1929375,$177.40,$182.35,$175.02
02/02/2023,$168.67,3320723,$177.76,$181.56,$167.60
02/03/2023,$168.19,1752792,$165.92,$168.86,$165.105
02/06/2023,$167.47,1113328,$167.39,$170.79,$166.10
02/07/2023,$165.89,1600528,$168.38,$168.39,$161.15
02/08/2023,$165.58,1549323,$168.12,$171.71,$164.88
02/09/2023,$163.94,1564453,$167.75,$168.91,$161.83
02/10/2023,$163.38,1365683,$162.62,$167.43,$161.21
02/13/2023,$167.26,1333354,$165.80,$169.39,$164.28
02/14/2023,$165.04,2263293,$161.98,$165.36,$157.00
02/15/2023,$172.36,1759877,$165.00,$172.78,$164.19
02/16/2023,$165.01,1415359,$169.87,$171.78,$164.925
02/17/2023,$164.28,1129634,$164.08,$166.99,$162.62
02/21/2023,$160.99,1216703,$162.21,$164.98,$160.67
02/22/2023,$163.61,1214902,$161.38,$163.91,$159.60
02/23/2023,$165.58,1077776,$166.52,$168.11,$162.10
02/24/2023,$162.16,1138960,$162.99,$164.452,$160.8901
02/27/2023,$166.11,1428413,$163.45,$166.84,$162.23
02/28/2023,$169.14,3482925,$166.24,$169.77,$164.38
03/01/2023,$195.68,15214460,$180.55,$196.90,$177.29
03/02/2023,$198.22,4469165,$195.73,$199.35,$192.68
03/03/2023,$210.11,6610161,$200.11,$211.47,$198.7361
03/06/2023,$212.30,4552836,$211.69,$216.19,$208.21
03/07/2023,$214.29,3526073,$212.50,$217.76,$211.00
03/08/2023,$214.33,2544198,$215.30,$216.1618,$210.25
03/09/2023,$211.25,2613631,$214.65,$218.25,$210.54
03/10/2023,$207.73,2552142,$210.33,$213.5899,$205.78
03/13/2023,$203.58,3134242,$204.60,$209.23,$201.78
03/14/2023,$207.29,2006959,$207.72,$210.795,$204.23
03/15/2023,$203.22,2756915,$203.69,$207.34,$198.60
03/16/2023,$206.56,2069217,$202.40,$206.67,$199.37
03/17/2023,$199.62,5704354,$205.69,$205.69,$195.3231
03/20/2023,$204.68,2945680,$200.69,$205.42,$196.69
03/21/2023,$209.25,1994350,$208.60,$211.1763,$205.97
03/22/2023,$205.01,1484622,$209.64,$211.51,$204.84
03/23/2023,$210.19,2415927,$208.31,$218.1999,$207.7891
03/24/2023,$211.10,1623438,$208.03,$212.04,$207.07
03/27/2023,$210.14,1284661,$212.77,$213.73,$207.50
03/28/2023,$210.01,1052178,$210.79,$212.15,$208.79
03/29/2023,$215.35,1619695,$212.155,$215.99,$206.62
03/30/2023,$213.32,1542203,$218.63,$219.55,$212.54
03/31/2023,$217.50,1289975,$213.54,$218.05,$213.54
04/03/2023,$208.49,2205684,$217.28,$218.52,$207.65
04/04/2023,$208.14,1158389,$207.32,$209.47,$205.79
04/05/2023,$201.61,1707476,$207.53,$209.025,$199.81
04/06/2023,$204.51,1484278,$201.08,$204.64,$199.86
04/10/2023,$212.03,1380780,$202.99,$212.22,$202.99
04/11/2023,$210.03,1727300,$212.16,$212.52,$208.82
04/12/2023,$207.89,1581313,$212.00,$213.6679,$207.69
04/13/2023,$211.26,1960344,$204.48,$212.98,$204.1281
04/14/2023,$208.40,1207895,$211.32,$211.83,$205.48
04/17/2023,$218.89,2941065,$208.20,$221.88,$208.01
04/18/2023,$219.48,1601872,$215.87,$220.2315,$215.32
04/19/2023,$218.19,1539493,$217.65,$220.3299,$215.60
04/20/2023,$215.53,1384244,$213.34,$218.01,$212.33
04/21/2023,$216.89,1348398,$214.53,$218.81,$213.21
04/24/2023,$209.90,4036164,$209.51,$210.50,$201.2311
04/25/2023,$210.53,2064291,$207.50,$210.67,$204.71
04/26/2023,$199.51,3261038,$205.01,$205.29,$197.30
04/27/2023,$200.83,2727991,$200.59,$203.6313,$198.63
04/28/2023,$182.58,10340920,$184.68,$184.97,$170.5501
05/01/2023,$180.85,3948466,$182.58,$188.245,$178.76
05/02/2023,$176.40,2753058,$180.44,$182.02,$174.52
05/03/2023,$174.33,1517501,$176.44,$178.07,$173.91
05/04/2023,$171.59,1516328,$175.34,$176.97,$170.915
05/05/2023,$178.60,1652434,$173.01,$178.755,$172.25
05/08/2023,$177.46,1099457,$179.70,$180.80,$176.44
05/09/2023,$178.00,1208973,$176.61,$178.43,$174.85
05/10/2023,$180.74,927063,$180.39,$181.66,$177.27
05/11/2023,$183.19,1122345,$179.78,$183.49,$178.79
05/12/2023,$231.69,23931180,$203.80,$232.00,$203.40
05/15/2023,$221.59,7313176,$228.08,$229.66,$221.26
05/16/2023,$212.80,3482330,$220.00,$221.49,$212.25
05/17/2023,$209.76,3136200,$214.10,$214.14,$207.3227
05/18/2023,$206.28,2166988,$208.32,$208.93,$203.45
05/19/2023,$203.53,2043399,$206.01,$208.26,$200.66
05/22/2023,$201.69,2381319,$205.52,$207.5425,$200.10
05/23/2023,$200.89,2216291,$199.24,$202.8699,$197.5301
05/24/2023,$198.55,1724850,$199.70,$204.74,$196.95
05/25/2023,$200.94,1488800,$199.65,$202.12,$196.48
05/26/2023,$201.77,1689291,$201.04,$203.87,$198.53
05/30/2023,$202.40,1908651,$206.24,$210.38,$199.72
05/31/2023,$202.96,2623953,$201.68,$203.255,$198.79
06/01/2023,$208.74,1509463,$204.62,$211.05,$201.86
06/02/2023,$206.74,1477510,$211.76,$212.35,$204.13
06/05/2023,$203.67,1320223,$207.09,$208.97,$200.39
06/06/2023,$196.82,1805152,$199.97,$203.15,$196.23
06/07/2023,$191.76,2308393,$196.24,$198.65,$189.51
06/08/2023,$192.33,1154857,$190.49,$193.19,$188.42
06/09/2023,$192.00,1272135,$193.34,$196.053,$191.09
06/12/2023,$196.24,1427805,$191.33,$197.90,$189.69
06/13/2023,$195.99,1275661,$199.18,$202.22,$195.08
06/14/2023,$193.03,1523564,$195.70,$196.24,$189.18
06/15/2023,$192.88,1552448,$191.41,$194.68,$190.90
06/16/2023,$188.99,3106915,$193.94,$195.18,$187.37
06/20/2023,$186.10,2078228,$189.29,$190.30,$184.35
06/21/2023,$184.58,1680176,$186.10,$187.17,$183.31
06/22/2023,$187.08,1443854,$183.66,$188.47,$181.00
06/23/2023,$184.52,2545941,$183.37,$188.7299,$182.87
06/26/2023,$178.55,1723042,$183.00,$187.17,$176.9625
06/27/2023,$182.73,1606166,$181.41,$185.3129,$180.97
06/28/2023,$184.22,1283502,$180.29,$187.22,$180.28
06/29/2023,$184.01,897889,$185.71,$186.77,$182.40
06/30/2023,$190.09,1820077,$186.10,$190.80,$183.3501
07/03/2023,$191.39,1090754,$191.11,$195.6508,$189.78
07/05/2023,$186.95,1267458,$192.63,$193.75,$185.5184
07/06/2023,$183.14,1191499,$184.08,$187.09,$181.64
07/07/2023,$189.14,2021589,$190.91,$194.42,$186.5437
07/10/2023,$190.82,1462483,$188.00,$193.28,$182.7707
07/11/2023,$189.62,1082295,$192.30,$192.63,$187.89
07/12/2023,$194.96,1903644,$191.21,$196.79,$190.54
07/13/2023,$196.95,1375704,$196.69,$197.64,$194.43
07/14/2023,$191.30,1245468,$198.31,$198.31,$190.34
07/17/2023,$206.71,2569620,$192.00,$208.19,$191.005
07/18/2023,$201.57,1802399,$206.27,$211.28,$201.415
07/19/2023,$198.58,1188760,$202.31,$203.66,$197.6101
07/20/2023,$198.50,1334030,$197.00,$200.595,$196.665
07/21/2023,$197.91,1327148,$200.30,$200.90,$194.84
07/24/2023,$197.66,1304442,$198.47,$199.04,$194.01
07/25/2023,$200.01,1351108,$199.30,$202.2499,$196.68
07/26/2023,$197.41,1854960,$196.10,$199.405,$190.76
07/27/2023,$198.80,2931710,$199.50,$200.65,$194.35
07/28/2023,$208.40,11362250,$223.59,$224.4999,$194.22
07/31/2023,$207.40,3715650,$210.08,$218.5146,$205.69
08/01/2023,$202.68,2352674,$207.38,$211.485,$202.3901
08/02/2023,$194.28,2531247,$198.88,$200.00,$190.0982
08/03/2023,$196.24,1186874,$193.57,$198.205,$193.29
08/04/2023,$194.38,1457529,$196.58,$200.35,$193.00
08/07/2023,$195.60,1442548,$193.62,$196.16,$191.1112
08/08/2023,$196.10,1134443,$193.76,$198.15,$193.48
08/09/2023,$203.60,2532169,$198.13,$209.055,$197.6701
08/10/2023,$205.01,1695820,$204.13,$209.29,$204.12
08/11/2023,$204.87,1215621,$201.96,$205.56,$201.325
08/14/2023,$211.43,1768384,$204.76,$213.43,$198.0017
08/15/2023,$199.83,2083473,$209.00,$210.20,$197.74
08/16/2023,$191.89,1705131,$199.30,$199.45,$191.6417
08/17/2023,$183.44,2699881,$191.46,$191.46,$182.46
08/18/2023,$181.91,2303530,$180.76,$184.87,$179.32
08/21/2023,$181.70,2702237,$182.00,$182.805,$176.60
08/22/2023,$176.50,2527655,$182.52,$183.68,$174.23
08/23/2023,$180.58,1876637,$176.94,$182.38,$176.85
08/24/2023,$174.42,1774760,$180.89,$181.08,$173.74
08/25/2023,$177.45,1560474,$175.10,$178.43,$174.62
08/28/2023,$176.76,1327890,$177.99,$179.415,$174.91
08/29/2023,$181.61,1481210,$176.65,$182.83,$175.57
08/30/2023,$184.96,1489506,$181.06,$186.90,$181.06
08/31/2023,$189.12,2154517,$186.00,$190.933,$185.91
09/01/2023,$186.37,1953646,$191.27,$193.48,$183.645
09/05/2023,$186.48,1772655,$183.90,$190.055,$182.61
09/06/2023,$182.09,2257234,$189.10,$189.70,$177.73
09/07/2023,$180.50,2233486,$179.49,$180.6856,$173.81
09/08/2023,$183.21,2547473,$185.18,$187.6902,$181.17
09/11/2023,$179.37,1942923,$185.23,$186.68,$178.31
09/12/2023,$180.94,1283471,$178.00,$183.06,$177.66
09/13/2023,$170.50,2051191,$181.30,$182.29,$170.17
09/14/2023,$177.00,2679682,$175.00,$177.59,$170.57
09/15/2023,$174.05,3252696,$176.69,$177.64,$171.68
09/18/2023,$167.74,1786266,$174.05,$174.97,$167.41
09/19/2023,$169.18,1449156,$167.60,$173.65,$166.66
09/20/2023,$169.24,1014579,$169.45,$173.47,$168.16
09/21/2023,$166.24,1160085,$166.64,$168.025,$164.48
09/22/2023,$162.45,1536020,$168.00,$168.38,$161.90
09/25/2023,$164.34,1450244,$161.75,$166.325,$161.71
09/26/2023,$161.39,1221945,$162.89,$164.74,$160.726
09/27/2023,$158.61,2007581,$161.25,$164.50,$158.16
09/28/2023,$161.50,1517897,$159.10,$162.9095,$157.495
09/29/2023,$161.59,1384706,$163.49,$165.67,$160.52
10/02/2023,$156.34,1620707,$160.50,$161.99,$156.09
10/03/2023,$151.25,2858248,$154.65,$155.33,$149.63
10/04/2023,$151.82,3376168,$151.40,$152.88,$146.61
10/05/2023,$145.35,2998630,$152.22,$152.50,$143.56
10/06/2023,$148.56,2476974,$143.01,$150.13,$142.51
10/09/2023,$143.80,2427513,$145.30,$147.16,$143.03
10/10/2023,$151.56,3128687,$143.41,$153.17,$143.09
10/11/2023,$151.50,1869579,$152.92,$155.85,$149.65
10/12/2023,$149.39,2128693,$156.34,$156.78,$147.76
10/13/2023,$147.92,1720276,$148.67,$152.265,$147.34
10/16/2023,$151.29,1424783,$148.675,$151.9989,$145.775
10/17/2023,$158.06,2417354,$149.10,$158.39,$148.46
10/18/2023,$153.13,1421435,$156.24,$156.395,$151.54
10/19/2023,$151.97,1740483,$156.50,$156.50,$150.97
10/20/2023,$150.77,3188794,$148.18,$154.22,$147.05
10/23/2023,$151.32,1552383,$149.18,$154.19,$146.75
10/24/2023,$155.90,2342551,$153.76,$158.61,$152.16
10/25/2023,$151.36,1380726,$154.08,$154.25,$149.59
10/26/2023,$151.15,1163226,$153.59,$154.43,$149.25
10/27/2023,$143.26,3162611,$148.88,$149.70,$142.38
10/30/2023,$136.32,5294637,$143.93,$144.22,$132.19
10/31/2023,$142.45,3926262,$137.74,$142.61,$136.2701
11/01/2023,$142.84,4725511,$148.49,$152.2697,$138.35
11/02/2023,$147.59,2288901,$145.60,$151.85,$145.52
11/03/2023,$151.94,2572958,$151.74,$154.98,$148.45
11/06/2023,$146.97,1815415,$151.94,$151.94,$145.60
11/07/2023,$144.33,2522070,$146.98,$147.99,$144.05
11/08/2023,$137.83,2964081,$143.47,$143.47,$135.65
11/09/2023,$132.53,3050467,$138.88,$140.00,$131.16
11/10/2023,$133.92,2560951,$132.36,$134.22,$129.215
11/13/2023,$133.84,2612809,$132.20,$134.22,$129.50
11/14/2023,$149.14,3964567,$137.67,$150.655,$137.21
11/15/2023,$152.42,2988779,$150.00,$158.08,$147.3802
11/16/2023,$154.51,2325182,$151.53,$157.02,$151.26
11/17/2023,$155.02,1879605,$156.22,$156.22,$151.86
11/20/2023,$159.29,2094845,$155.00,$162.3562,$153.849
11/21/2023,$158.60,1380651,$159.84,$162.4799,$158.06
11/22/2023,$159.72,1312524,$160.00,$161.56,$158.885
11/24/2023,$154.38,1111296,$159.01,$159.08,$154.17
11/27/2023,$154.65,1612647,$153.30,$157.64,$151.87
11/28/2023,$155.02,1287648,$153.27,$156.9799,$151.52
11/29/2023,$155.43,1722772,$158.00,$160.82,$154.60
11/30/2023,$157.78,2705503,$155.96,$158.27,$152.5241
12/01/2023,$160.29,2133683,$157.54,$161.075,$154.50
12/04/2023,$159.54,1933424,$161.15,$165.71,$159.455
12/05/2023,$155.39,1608805,$158.41,$160.45,$155.08
12/06/2023,$145.29,3281533,$156.75,$156.8201,$144.98
12/07/2023,$144.18,2367516,$145.37,$146.37,$142.48
12/08/2023,$145.38,4314178,$150.99,$153.24,$142.585
12/11/2023,$146.11,1896996,$145.31,$149.195,$144.27
12/12/2023,$139.90,3489342,$145.74,$146.38,$137.54
12/13/2023,$146.56,3215794,$138.27,$146.77,$137.17
12/14/2023,$158.25,5557826,$151.69,$164.16,$151.3189
12/15/2023,$168.67,6053912,$164.45,$169.21,$160.1001
12/18/2023,$165.94,2583398,$166.50,$169.36,$162.95
12/19/2023,$172.66,3839145,$167.91,$177.51,$167.00
12/20/2023,$164.60,2948858,$172.00,$172.14,$162.69
12/21/2023,$170.04,2102905,$167.54,$171.95,$165.29
12/22/2023,$170.39,1314664,$171.23,$172.055,$169.1564
12/26/2023,$171.94,985276,$170.81,$173.75,$170.55
12/27/2023,$172.44,1071837,$173.20,$174.89,$170.9367
12/28/2023,$173.22,1108174,$172.53,$176.08,$171.23
12/29/2023,$172.28,1079219,$173.45,$173.95,$171.10
01/02/2024,$172.16,1766736,$170.98,$177.89,$169.355
01/03/2024,$167.42,1954549,$169.00,$170.42,$164.12
01/04/2024,$166.31,1265855,$166.43,$168.27,$164.32
01/05/2024,$166.87,1106060,$165.08,$170.50,$164.50
01/08/2024,$166.13,1544126,$164.72,$167.05,$161.55
01/09/2024,$166.91,1224048,$164.79,$167.71,$163.40
01/10/2024,$162.33,1903097,$166.69,$166.76,$159.71
01/11/2024,$160.29,1535571,$162.49,$163.64,$158.3785
01/12/2024,$160.44,1290200,$160.52,$162.92,$157.55
01/16/2024,$149.10,3035624,$159.56,$159.56,$148.90
01/17/2024,$147.26,1988595,$145.95,$147.4574,$143.7636
01/18/2024,$147.45,1700253,$148.73,$148.94,$145.71
01/19/2024,$145.92,3164490,$147.69,$147.77,$140.07
01/22/2024,$149.91,2747436,$148.49,$159.226,$147.94
01/23/2024,$151.46,1773202,$153.88,$157.67,$149.80
01/24/2024,$148.87,1600520,$153.54,$154.1327,$148.25
01/25/2024,$149.23,1521170,$150.19,$151.28,$145.91
01/26/2024,$147.83,1148632,$149.06,$150.65,$147.42
01/29/2024,$149.30,1652745,$146.99,$149.33,$144.33
01/30/2024,$149.03,1354076,$148.40,$150.75,$146.49
01/31/2024,$146.30,2418956,$149.00,$154.915,$146.05
02/01/2024,$147.89,2311876,$149.78,$154.305,$146.805
02/02/2024,$141.82,2620115,$143.98,$144.02,$138.83
02/05/2024,$139.80,2217580,$138.855,$140.7665,$135.88
02/06/2024,$141.11,2027159,$139.95,$142.44,$138.41
02/07/2024,$145.46,2270025,$148.40,$150.27,$142.56
02/08/2024,$143.17,1487659,$146.12,$146.13,$142.00
02/09/2024,$151.50,2749313,$144.50,$153.015,$144.00
02/12/2024,$157.22,2844699,$152.40,$159.28,$151.13
02/13/2024,$152.34,2509795,$150.00,$155.41,$149.79
02/14/2024,$158.24,1742477,$156.46,$158.59,$153.70
02/15/2024,$159.78,1952989,$160.00,$163.43,$157.75
02/16/2024,$156.975,1155514,$157.64,$159.44,$155.03
02/20/2024,$153.25,1605553,$154.89,$155.95,$152.35
02/21/2024,$150.03,1202941,$149.41,$150.65,$147.42
02/22/2024,$144.73,2136395,$150.10,$150.36,$144.66
02/23/2024,$142.89,1879394,$144.12,$144.925,$141.70
02/26/2024,$144.58,2616515,$143.16,$146.00,$141.765
02/27/2024,$144.99,3707105,$147.00,$147.56,$144.28
02/28/2024,$149.25,8492822,$153.95,$158.12,$146.4501
02/29/2024,$153.89,4084693,$151.85,$157.23,$149.851
03/01/2024,$158.05,2888456,$152.74,$161.49,$152.69
03/04/2024,$156.70,2382695,$160.00,$161.20,$154.16
03/05/2024,$159.06,2766303,$154.83,$164.20,$152.40
03/06/2024,$158.42,1795216,$161.08,$163.57,$156.88
03/07/2024,$160.35,1106713,$160.00,$161.885,$158.18
03/08/2024,$161.35,1625073,$162.24,$165.35,$160.19
03/11/2024,$162.16,1744187,$161.75,$168.71,$161.58
03/12/2024,$159.38,1681537,$161.53,$162.36,$157.6058
03/13/2024,$158.04,1351516,$157.67,$160.22,$156.01
03/14/2024,$149.39,2717925,$157.75,$157.75,$148.63
03/15/2024,$147.42,2438701,$147.51,$149.55,$146.85
03/18/2024,$149.48,1422322,$148.34,$151.3999,$146.10
03/19/2024,$147.48,1879479,$147.41,$149.53,$145.77
03/20/2024,$151.02,1405880,$147.55,$151.96,$146.4768
03/21/2024,$152.68,1693204,$152.00,$156.3599,$151.29
03/22/2024,$153.31,1016131,$152.26,$153.82,$151.33
03/25/2024,$154.77,1152948,$153.13,$156.07,$152.285
03/26/2024,$153.16,1229584,$155.50,$157.55,$152.63
03/27/2024,$167.45,3378080,$154.86,$167.70,$154.50
03/28/2024,$168.80,2133816,$168.64,$173.02,$167.14
04/01/2024,$171.87,1887484,$169.72,$172.24,$167.37
04/02/2024,$167.17,1643614,$169.76,$171.49,$165.64
04/03/2024,$166.73,1254782,$166.23,$167.065,$162.16
04/04/2024,$171.46,3393503,$170.10,$177.34,$168.20
04/05/2024,$174.60,2343871,$167.35,$176.285,$167.01
04/08/2024,$179.22,2225607,$176.52,$181.9697,$176.07
04/09/2024,$184.70,2011981,$181.00,$186.93,$180.94
04/10/2024,$185.29,2013062,$179.13,$185.855,$178.71
04/11/2024,$184.44,1595082,$188.00,$188.32,$179.59
04/12/2024,$182.48,1912586,$185.66,$187.88,$181.04
04/15/2024,$175.96,1614513,$181.38,$181.9999,$175.87
04/16/2024,$173.08,1856203,$174.22,$175.6599,$172.01
04/17/2024,$178.01,3342952,$175.53,$183.65,$172.41
04/18/2024,$174.29,1633891,$178.48,$179.07,$173.19
04/19/2024,$175.04,3261030,$179.42,$179.70,$174.14
04/22/2024,$176.28,2011988,$175.39,$178.70,$170.25
04/23/2024,$180.10,1981082,$177.25,$183.23,$175.656
04/24/2024,$177.48,2085724,$181.20,$183.78,$174.93
04/25/2024,$175.02,1684922,$176.90,$177.00,$170.56
04/26/2024,$178.73,1339017,$175.50,$180.72,$175.50
04/29/2024,$180.83,1351940,$180.15,$182.43,$177.90
04/30/2024,$176.30,1300648,$178.35,$180.22,$176.23
05/01/2024,$177.58,2477927,$176.61,$183.69,$175.07
05/02/2024,$180.51,3452683,$178.54,$181.40,$172.09
05/03/2024,$191.55,3008268,$185.00,$193.51,$185.00
05/06/2024,$193.81,1768931,$192.97,$198.0495,$192.13
05/07/2024,$194.67,1745070,$194.20,$197.67,$191.51
05/08/2024,$190.72,1569538,$192.00,$193.84,$190.35
05/09/2024,$193.61,1230645,$190.87,$193.85,$188.7323
05/10/2024,$191.05,1775182,$197.00,$199.10,$190.92
05/13/2024,$189.54,1998209,$192.50,$194.285,$188.37
05/14/2024,$186.97,2386227,$194.34,$196.41,$183.35
05/15/2024,$191.93,2376601,$192.08,$196.00,$186.06
05/16/2024,$194.62,1549092,$193.09,$196.10,$191.90
05/17/2024,$197.59,1719187,$194.08,$199.01,$193.69
05/20/2024,$196.34,1401265,$198.73,$199.15,$194.50
05/21/2024,$212.11,3916283,$197.71,$212.37,$197.635
05/22/2024,$251.75,14385410,$213.33,$253.99,$213.19
05/23/2024,$249.81,4874354,$245.00,$251.98,$237.563
05/24/2024,$276.74,8773170,$253.88,$278.80,$251.00
05/28/2024,$280.16,4702137,$276.76,$283.6349,$271.50
05/29/2024,$278.19,4384554,$274.38,$286.60,$272.13
05/30/2024,$276.78,3484228,$272.92,$278.47,$268.1051
05/31/2024,$271.76,5149688,$279.36,$281.00,$261.21
06/03/2024,$272.72,3279862,$273.26,$283.50,$271.41
06/04/2024,$266.17,2292573,$274.05,$278.10,$265.43
06/05/2024,$273.06,2906324,$268.165,$285.52,$266.54
06/06/2024,$273.45,2154328,$270.00,$278.50,$267.36
06/07/2024,$267.34,2556371,$266.85,$279.9499,$265.09
06/10/2024,$279.80,3457110,$265.91,$283.96,$263.07
06/11/2024,$294.53,4102593,$279.89,$294.58,$275.4225
06/12/2024,$300.71,3730928,$300.495,$306.7699,$296.40
06/13/2024,$291.56,2571837,$300.24,$304.5207,$287.02
06/14/2024,$273.61,3173720,$288.18,$290.90,$272.81
06/17/2024,$261.33,5104264,$273.21,$274.0797,$254.24
06/18/2024,$262.37,2960705,$255.29,$263.6999,$253.57
06/20/2024,$260.07,2814467,$260.00,$262.87,$253.6101
06/21/2024,$258.87,3990832,$259.32,$266.5599,$256.01
06/24/2024,$261.28,2519747,$256.65,$268.12,$254.51
06/25/2024,$256.74,1443731,$259.82,$261.00,$255.09
06/26/2024,$247.93,2807688,$256.43,$256.43,$243.291
06/27/2024,$249.92,1921209,$245.90,$251.6399,$243.43
06/28/2024,$225.46,6087910,$248.73,$248.73,$225.12
07/01/2024,$222.71,3592336,$224.75,$226.18,$217.26
07/02/2024,$216.73,3188404,$222.65,$227.54,$214.37
07/03/2024,$231.11,3989501,$220.05,$231.72,$216.77
07/05/2024,$222.12,2474519,$231.51,$233.58,$220.8001